"""last_name, first_name"",""player_id"",""year"",""pa"",""k_percent"",""bb_percent"",""batting_avg"",""slg_percent"",""on_base_percent"",""b_rbi"",""r_run"",""woba"",""xwoba"",""exit_velocity_avg"",""launch_angle_avg"",""barrel_batted_rate"",""hard_hit_percent"",""avg_best_speed"",""avg_hyper_speed"",""whiff_percent"",""swing_percent"""
"""Miller, Owen"",680911,2023,314,19.4,5.4,"".261"","".371"","".303"",""27"",""29"","".292"","".288"",""86.3"",""12.9"",3.4,30.8,""97.106564615"",""92.584463305"",18.4,48.3"
"""Correa, Carlos"",621043,2023,580,22.6,10.2,"".230"","".399"","".312"",""65"",""60"","".309"","".327"",""90.4"",""10.6"",9.6,45.9,""102.481230628"",""95.635527984"",25.1,43.6"
"""McCarthy, Jake"",664983,2023,312,19.9,8.3,"".243"","".326"","".318"",""16"",""37"","".289"","".293"",""85.3"",""7.5"",2.3,23.7,""95.717509423"",""91.881453188"",22.6,51.1"
"""Naylor, Bo"",666310,2023,230,23,13,"".237"","".470"","".339"",""32"",""33"","".347"","".309"",""87.7"",""21"",8.2,30.8,""97.298027397"",""92.697509448"",21.8,44.5"
"""Bader, Harrison"",664056,2023,344,17.2,4.9,"".232"","".348"","".274"",""40"",""44"","".271"","".288"",""85.9"",""17.8"",5.3,31.7,""97.622516107"",""92.819025115"",24.6,48.5"
"""Espinal, Santiago"",669289,2023,254,14.2,7.1,"".248"","".335"","".310"",""25"",""30"","".285"","".293"",""87"",""11.4"",1,29.4,""96.258875464"",""92.131124845"",17.6,44.3"
"""Higashioka, Kyle"",543309,2023,260,28.5,5.4,"".236"","".413"","".274"",""34"",""24"","".293"","".309"",""90.1"",""15.5"",11,48.3,""101.070818721"",""94.981513333"",28.6,49.5"
"""Tellez, Rowdy"",642133,2023,351,24.5,10,"".215"","".376"","".291"",""47"",""26"","".288"","".306"",""89.9"",""15.2"",8.7,40.4,""101.162097826"",""94.892917074"",21.9,38.5"
"""Kim, Ha-Seong"",673490,2023,626,19.8,12,"".260"","".398"","".351"",""60"",""84"","".330"","".313"",""86.2"",""13.6"",4.2,26.7,""96.561670433"",""92.283861587"",17.8,38.9"
"""Baddoo, Akil"",668731,2023,357,24.9,11.8,"".218"","".372"","".310"",""34"",""40"","".299"","".301"",""88.1"",""10.8"",6.2,36.8,""99.048422545"",""93.595535682"",25.3,47"
"""Grossman, Robbie"",543257,2023,420,23.3,13.6,"".238"","".394"","".340"",""49"",""56"","".323"","".306"",""88.2"",""20.2"",6.8,37.3,""98.380623258"",""93.356276654"",20.1,38.1"
"""Arozarena, Randy"",668227,2023,654,23.9,12.2,"".254"","".425"","".364"",""83"",""95"","".347"","".351"",""91.7"",""11.3"",12.3,48.4,""102.055211709"",""95.651873174"",29.1,43"
"""Stott, Bryson"",681082,2023,640,15.6,6.1,"".280"","".419"","".329"",""62"",""78"","".323"","".309"",""88.1"",""10.1"",4.7,35.2,""97.379136163"",""92.802445092"",15.3,45"
"""Stanton, Giancarlo"",519317,2023,415,29.9,9.9,"".191"","".420"","".275"",""60"",""43"","".297"","".325"",""93.3"",""12.5"",15.7,48.4,""106.135021532"",""97.484200526"",34.1,42.5"
"""Bichette, Bo"",666182,2023,601,19.1,4.5,"".306"","".475"","".339"",""73"",""69"","".349"","".363"",""90.2"",""6.2"",9.6,44.9,""101.736681894"",""95.184330552"",21.1,56.6"
"""Rosario, Eddie"",592696,2023,516,23.6,6.6,"".255"","".450"","".305"",""74"",""64"","".322"","".317"",""88.6"",""14.5"",9.5,35.4,""98.60055257"",""93.424315434"",29.8,57.4"
"""Báez, Javier"",595879,2023,547,22.9,4.4,"".222"","".325"","".267"",""59"",""58"","".261"","".279"",""88"",""9.4"",5.2,39.7,""100.19637776"",""94.157773958"",32.7,54.8"
"""Pratto, Nick"",668472,2023,345,40,8.4,"".232"","".353"","".307"",""35"",""33"","".292"","".278"",""87.5"",""13.4"",8.1,41.9,""99.593088023"",""93.891924767"",35.3,43.1"
"""Grandal, Yasmani"",518735,2023,405,21.2,8.9,"".234"","".339"","".309"",""33"",""33"","".288"","".282"",""87.9"",""10.8"",4.7,34.4,""98.280329643"",""93.23662509"",24.9,44.7"
"""Ibáñez, Andy"",628451,2023,383,18,6.3,"".264"","".433"","".312"",""41"",""42"","".320"","".331"",""89.1"",""12.9"",9,42.9,""99.890798819"",""94.208427735"",22.6,51.8"
"""O'Hearn, Ryan"",656811,2023,368,22.3,4.1,"".289"","".480"","".322"",""60"",""48"","".339"","".324"",""91.9"",""12"",10.1,51.5,""101.483905448"",""95.348954007"",23.3,50.7"
"""Freeman, Freddie"",518692,2023,730,16.6,9.9,"".331"","".567"","".410"",""102"",""131"","".411"","".408"",""90"",""15.2"",11.1,42.2,""100.590638269"",""94.617661541"",20.4,51"
"""Wade Jr., LaMonte"",664774,2023,519,18.3,14.6,"".256"","".417"","".373"",""45"",""64"","".347"","".360"",""88.4"",""17.4"",9.1,39.8,""99.530093174"",""93.945744444"",20.8,39.5"
"""Chapman, Matt"",656305,2023,581,28.4,10.7,"".240"","".424"","".330"",""54"",""66"","".328"","".337"",""93.4"",""18.5"",17.1,56.4,""103.539639884"",""96.813201603"",31.1,43.3"
"""Polanco, Jorge"",593871,2023,343,25.7,10.5,"".255"","".454"","".335"",""48"",""38"","".340"","".348"",""88.4"",""21.6"",13.8,40.6,""100.221097963"",""94.291735787"",24.9,46.4"
"""Isbel, Kyle"",664728,2023,313,18.8,5.4,"".240"","".380"","".282"",""34"",""45"","".286"","".289"",""89.4"",""14.6"",5.5,39.8,""99.280896261"",""93.847228522"",20.8,46.9"
"""Díaz, Aledmys"",649557,2023,344,19.2,4.9,"".229"","".337"","".280"",""24"",""25"","".268"","".271"",""87.8"",""11.3"",2.8,33.5,""97.951582698"",""93.010438968"",22.3,52.8"
"""McKinstry, Zach"",656716,2023,518,21.8,8.5,"".231"","".351"","".302"",""35"",""60"","".289"","".312"",""87.2"",""17.8"",7.6,33.5,""97.726678239"",""92.940971652"",20.5,47.3"
"""Ruiz, Esteury"",665923,2023,497,19.9,4,"".254"","".345"","".309"",""47"",""47"","".290"","".271"",""82.7"",""9.9"",2.5,20,""93.969654118"",""91.300618171"",25.3,51.9"
"""Gurriel Jr., Lourdes"",666971,2023,592,17.4,5.6,"".261"","".463"","".309"",""82"",""65"","".329"","".324"",""89.7"",""10.6"",8.4,46,""99.859212133"",""94.368560668"",18.7,49.1"
"""Estrada, Thairo"",642731,2023,530,22.6,4.2,"".271"","".416"","".315"",""49"",""63"","".316"","".292"",""85.9"",""10.8"",4.8,33.7,""97.898139565"",""92.983630679"",21.5,51.7"
"""Matos, Luis"",682641,2023,253,13,7.9,"".250"","".342"","".319"",""14"",""24"","".295"","".304"",""87.1"",""6.3"",2,31,""97.615473402"",""92.870265619"",17.2,46.5"
"""Rodríguez, Julio"",677594,2023,714,24.5,6.6,"".275"","".485"","".333"",""103"",""102"","".347"","".345"",""92.7"",""8.5"",11.9,52,""104.082287708"",""96.812366417"",28.3,53.9"
"""Contreras, William"",661388,2023,611,20.6,10.3,"".289"","".457"","".367"",""78"",""86"","".357"","".335"",""91.3"",""4.7"",9.4,48.7,""103.241329369"",""96.097846496"",28,43.2"
"""Biggio, Cavan"",624415,2023,338,26,11.8,"".235"","".370"","".340"",""40"",""54"","".318"","".314"",""88.4"",""15.7"",7.4,33,""97.7434156"",""93.0212046"",23.8,39.7"
"""India, Jonathan"",663697,2023,529,20.6,9.8,"".244"","".407"","".338"",""61"",""78"","".327"","".339"",""89.5"",""15.2"",7.7,38.6,""99.676934286"",""94.0396352"",22,38.6"
"""Suzuki, Seiya"",673548,2023,583,22.3,10.1,"".285"","".485"","".357"",""74"",""75"","".358"","".357"",""91.4"",""10.8"",10.5,48,""102.157061122"",""95.610201816"",21.3,40.9"
"""Hays, Austin"",669720,2023,566,24.9,6.7,"".275"","".444"","".325"",""67"",""76"","".330"","".309"",""89.4"",""10.4"",8.9,40.1,""100.462787656"",""94.411352037"",28.4,46.6"
"""Meneses, Joey"",608841,2023,657,19.8,5.8,"".275"","".401"","".321"",""89"",""71"","".314"","".288"",""89.4"",""9.4"",5.4,41.7,""99.929364091"",""94.237468244"",23.6,47.6"
"""McNeil, Jeff"",643446,2023,648,10,6,"".270"","".378"","".333"",""55"",""75"","".314"","".294"",""86"",""14.4"",1.3,27.4,""95.984354131"",""92.004150754"",13.5,53"
"""Encarnacion-Strand, Christian"",687952,2023,241,28.6,5.8,"".270"","".477"","".328"",""37"",""29"","".346"","".346"",""90.3"",""18.6"",10.5,48.4,""101.855748701"",""95.359737582"",29.4,52.7"
"""Rodríguez, Endy"",682848,2023,204,24,8.3,"".220"","".328"","".284"",""13"",""27"","".271"","".294"",""89.1"",""16.5"",5.1,36.2,""97.95644029"",""93.14479073"",21.4,46.3"
"""Hoerner, Nico"",663538,2023,688,12.1,7.1,"".283"","".383"","".346"",""68"",""98"","".322"","".311"",""86.6"",""10.5"",1.8,33.4,""97.320472852"",""92.695131651"",12.5,45.6"
"""Bellinger, Cody"",641355,2023,556,15.6,7.2,"".307"","".525"","".356"",""97"",""95"","".370"","".327"",""87.9"",""17.2"",6.1,31.4,""97.661544057"",""92.874372388"",20.1,49.9"
"""Urshela, Gio"",570482,2023,228,15.8,4.4,"".299"","".374"","".329"",""24"",""22"","".307"","".289"",""87.5"",""8.6"",3.9,33.7,""97.28858011"",""92.735387017"",18.8,54.8"
"""Joe, Connor"",656582,2023,472,23.3,10.6,"".247"","".421"","".339"",""42"",""63"","".332"","".329"",""88.9"",""16.7"",8.2,41.8,""100.015548477"",""94.249815814"",23.6,39.5"
"""Margot, Manuel"",622534,2023,336,16.4,5.4,"".264"","".376"","".310"",""38"",""39"","".299"","".301"",""87.9"",""10.5"",3.9,37.8,""99.699502578"",""93.924441765"",24.4,50.5"
"""Hernández, Enrique"",571771,2023,508,19.1,6.7,"".237"","".357"","".289"",""61"",""57"","".282"","".272"",""87.8"",""17"",4.5,33.7,""97.831208503"",""92.980265241"",23.6,46.7"
"""Wong, Kolten"",543939,2023,250,21.2,7.2,"".183"","".263"","".256"",""27"",""25"","".236"","".262"",""85.6"",""14"",1.7,27,""96.00426619"",""92.008496429"",21.7,47.9"
"""Ramírez, José"",608070,2023,691,10.6,10.6,"".282"","".475"","".356"",""80"",""87"","".346"","".359"",""90"",""18"",7,40.4,""100.07775"",""94.35370079"",15.6,46.6"
"""Olson, Matt"",621566,2023,720,23.2,14.4,"".283"","".604"","".389"",""139"",""127"","".413"","".392"",""93.7"",""16.1"",16.4,55.5,""104.825276757"",""97.314084392"",28.4,46.8"
"""Sánchez, Gary"",596142,2023,267,25.1,7.9,"".217"","".492"","".288"",""47"",""33"","".329"","".343"",""90.1"",""16.5"",15.4,44.6,""101.705364318"",""95.143946857"",27.6,41.8"
"""Lowe, Josh"",666139,2023,501,24.8,6.2,"".292"","".500"","".335"",""83"",""71"","".354"","".341"",""89.1"",""14.3"",11,39.7,""100.551784971"",""94.421078622"",30.2,53.3"
"""Vientos, Mark"",668901,2023,233,30.5,4.3,"".211"","".367"","".253"",""22"",""19"","".267"","".304"",""92.5"",""9.5"",10.7,51,""103.444965733"",""96.432401342"",36.7,53"
"""Duffy, Matt"",622110,2023,209,18.7,5.7,"".251"","".325"","".306"",""16"",""17"","".281"","".298"",""86.4"",""8.8"",2.6,33.1,""96.70870961"",""92.368218506"",23,48.1"
"""Segura, Jean"",516416,2023,326,14.4,6.7,"".219"","".279"","".277"",""21"",""25"","".250"","".281"",""88"",""2.9"",3.5,38.8,""99.845816452"",""94.042211093"",19.2,50.5"
"""Burleson, Alec"",676475,2023,347,13,6.6,"".244"","".390"","".300"",""36"",""34"","".300"","".337"",""89.9"",""12.4"",5.9,41,""99.931806194"",""94.381917566"",17.7,52"
"""Langeliers, Shea"",669127,2023,490,29.2,6.9,"".205"","".413"","".268"",""63"",""52"","".290"","".297"",""90.6"",""19.6"",13.3,44.5,""101.929508117"",""95.365956026"",32.1,50.3"
"""Turner, Trea"",607208,2023,691,21.7,6.5,"".266"","".459"","".320"",""76"",""102"","".333"","".330"",""89.9"",""13"",8.4,42.2,""100.292342286"",""94.550003245"",29.6,53.1"
"""Fortes, Nick"",663743,2023,323,18.3,5.3,"".204"","".299"","".263"",""26"",""33"","".251"","".262"",""88.2"",""13.9"",3.8,35,""98.518887881"",""93.393950383"",17.1,45.5"
"""Stephenson, Tyler"",663886,2023,517,26.1,9.1,"".243"","".378"","".317"",""56"",""59"","".305"","".314"",""89.4"",""8.9"",7.6,43.5,""100.030744788"",""94.357020636"",28.4,42.5"
"""Votto, Joey"",458015,2023,242,25.6,11.2,"".202"","".433"","".314"",""38"",""26"","".326"","".298"",""89.3"",""13.9"",11,39.7,""99.750614932"",""94.225792534"",30.8,47.8"
"""Abrams, CJ"",682928,2023,614,19.2,5.2,"".245"","".412"","".300"",""64"",""83"","".306"","".304"",""87.4"",""13.5"",6.9,35.9,""98.814933243"",""93.426357297"",22.5,53.5"
"""Stallings, Jacob"",607732,2023,276,24.3,9.8,"".191"","".286"","".278"",""20"",""22"","".256"","".262"",""89.7"",""9.1"",5.6,40.2,""98.748890698"",""93.710206784"",22.8,40.9"
"""Haase, Eric"",606992,2023,293,27.6,5.8,"".201"","".281"","".247"",""26"",""22"","".233"","".253"",""87.1"",""13.4"",4.6,35.9,""98.489376289"",""93.341904124"",32.6,54"
"""Varsho, Daulton"",662139,2023,581,23.2,7.7,"".220"","".389"","".285"",""61"",""65"","".293"","".302"",""87.8"",""20.5"",7.3,36.1,""99.853027513"",""94.005486074"",24.7,50.1"
"""Sánchez, Jesús"",660821,2023,402,26.6,9.5,"".253"","".450"","".327"",""52"",""43"","".334"","".350"",""90.4"",""5.6"",12.2,46.3,""103.172158492"",""95.857175913"",30.1,48.9"
"""Castro, Willi"",650489,2023,409,24.2,8.3,"".257"","".411"","".339"",""34"",""60"","".327"","".301"",""86.5"",""15.1"",6.8,31.8,""98.698827717"",""93.374549289"",27.9,51.6"
"""Brown, Seth"",664913,2023,378,26.7,7.9,"".222"","".405"","".286"",""52"",""33"","".298"","".322"",""90.5"",""16.4"",12.2,46.5,""101.550084098"",""95.093750082"",31.3,50.3"
"""Rizzo, Anthony"",519203,2023,421,23,8.3,"".244"","".378"","".328"",""41"",""45"","".312"","".319"",""90"",""17.8"",6.9,37.5,""99.161259855"",""93.823202582"",25,48.4"
"""Kelenic, Jarred"",672284,2023,416,31.7,9.9,"".253"","".419"","".327"",""49"",""44"","".321"","".333"",""90.9"",""10.1"",9.5,45.5,""101.460697521"",""95.139393983"",33.8,46.8"
"""Bethancourt, Christian"",542194,2023,332,27.4,3.9,"".225"","".381"","".254"",""33"",""49"","".271"","".266"",""88.6"",""11.3"",7.9,40.8,""99.662215893"",""94.065729509"",36.6,59.6"
"""Duran, Ezequiel"",677649,2023,439,27.3,5.2,"".276"","".443"","".324"",""46"",""55"","".330"","".319"",""90.1"",""14"",8.7,43.9,""101.553371259"",""95.026970874"",28.5,54"
"""Judge, Aaron"",592450,2023,458,28.4,19.2,"".267"","".613"","".406"",""75"",""79"","".420"","".461"",""97.6"",""20.4"",27.5,64.2,""107.408656167"",""99.7487841"",36.6,41.3"
"""Diaz, Yainer"",673237,2023,377,19.6,2.9,"".282"","".538"","".308"",""60"",""51"","".354"","".357"",""90.3"",""11.5"",12.2,43.9,""101.571037778"",""95.208391603"",27.6,58.6"
"""Gallo, Joey"",608336,2023,332,42.8,14.5,"".177"","".440"","".301"",""40"",""39"","".320"","".295"",""93"",""26.4"",19.3,52.9,""104.361492143"",""97.127446835"",44.3,47.1"
"""McCann, James"",543510,2023,226,25.2,4,"".222"","".377"","".269"",""26"",""25"","".279"","".319"",""89.8"",""16.6"",7.1,43.9,""100.5154664"",""94.458814667"",31.4,54.2"
"""Knizner, Andrew"",668800,2023,241,25.7,5,"".241"","".424"","".287"",""31"",""30"","".306"","".286"",""89.6"",""14.3"",7.9,40.9,""100.838167407"",""94.587740186"",27.3,54.8"
"""Lowe, Nathaniel"",663993,2023,724,22.8,12.8,"".262"","".414"","".360"",""82"",""89"","".340"","".339"",""89.8"",""7.2"",6.5,41.6,""101.145951991"",""94.820277484"",20.6,43.8"
"""Escobar, Eduardo"",500871,2023,309,25.2,5.8,"".226"","".344"","".269"",""31"",""32"","".267"","".244"",""86.3"",""14.4"",3.8,30.6,""96.536556538"",""92.269302067"",28.3,50.6"
"""Happ, Ian"",664023,2023,691,22.1,14.3,"".248"","".431"","".360"",""84"",""86"","".345"","".350"",""89.9"",""13"",9,39,""99.676936326"",""94.121891884"",25.3,44.4"
"""Turang, Brice"",668930,2023,448,21,8.5,"".218"","".300"","".285"",""34"",""46"","".262"","".274"",""85.5"",""12.6"",2.9,27,""96.246595556"",""92.125077484"",21.7,47.9"
"""Kwan, Steven"",680757,2023,718,10.4,9.7,"".268"","".370"","".340"",""54"",""93"","".313"","".317"",""86"",""10.7"",1.1,18.8,""94.063409324"",""91.031738203"",11.2,41.2"
"""Martinez, J.D."",502110,2023,479,31.1,7.1,"".271"","".572"","".321"",""103"",""61"","".369"","".369"",""93.4"",""16.9"",17.1,55.1,""103.470071027"",""96.728137226"",34.4,53"
"""Bogaerts, Xander"",593428,2023,665,16.5,8.4,"".285"","".440"","".350"",""58"",""83"","".343"","".318"",""87.6"",""7.9"",6.1,34.6,""98.476149796"",""93.284202061"",20.4,42.6"
"""Merrifield, Whit"",593160,2023,592,17.1,6.1,"".272"","".382"","".318"",""67"",""66"","".304"","".276"",""85.1"",""14.4"",2.4,24.3,""94.880835796"",""91.453019024"",19.5,51.1"
"""García, Luis"",671277,2023,482,12.4,5.6,"".266"","".385"","".304"",""50"",""61"","".297"","".308"",""88.3"",""4.6"",5.8,36.5,""99.158102245"",""93.638514796"",17.9,50.6"
"""Vargas, Ildemaro"",545121,2023,286,7,6.6,"".252"","".363"","".304"",""31"",""32"","".292"","".303"",""87.1"",""4.1"",2.4,31.3,""97.156948151"",""92.578474076"",12.6,45.9"
"""Diaz, Jordan"",672478,2023,293,23.5,5.8,"".221"","".364"","".273"",""27"",""20"","".278"","".285"",""90"",""5.4"",6.4,43.6,""101.524778137"",""95.000604729"",29.9,56"
"""Bleday, JJ"",668709,2023,303,23.8,13.9,"".195"","".355"","".310"",""27"",""35"","".297"","".298"",""88.6"",""15.5"",6.4,35.3,""98.165226087"",""93.234953169"",28.2,43.6"
"""Morel, Christopher"",666624,2023,429,31,8.4,"".247"","".508"","".313"",""70"",""62"","".347"","".340"",""92.1"",""12.4"",15.9,50,""103.542229453"",""96.326775098"",37,49.8"
"""Cave, Jake"",595909,2023,203,27.1,7.4,"".212"","".348"","".272"",""21"",""18"","".271"","".277"",""89.3"",""15.3"",7.6,34.8,""98.602982576"",""93.425616336"",27,48.8"
"""Chisholm Jr., Jazz"",665862,2023,383,30.8,6.8,"".250"","".457"","".304"",""51"",""50"","".325"","".307"",""90.3"",""10.7"",12.2,41.8,""101.207728421"",""95.01360943"",36.2,44.9"
"""LeMahieu, DJ"",518934,2023,562,22.2,10.7,"".243"","".390"","".327"",""44"",""55"","".315"","".322"",""89.6"",""3.8"",5.9,43,""100.265359786"",""94.32212244"",19.7,39.2"
"""Kirilloff, Alex"",666135,2023,319,25.1,8.8,"".270"","".445"","".348"",""41"",""35"","".343"","".334"",""88.6"",""12.4"",7.4,37.7,""98.668669706"",""93.556002892"",27.6,47.3"
"""Murphy, Sean"",669221,2023,438,22.4,11.2,"".251"","".478"","".365"",""68"",""65"","".366"","".395"",""91.5"",""13.1"",16.1,45.8,""103.261524161"",""96.100888462"",25.9,45.9"
"""Swanson, Dansby"",621020,2023,638,24.1,10.3,"".244"","".416"","".328"",""80"",""81"","".325"","".345"",""89.3"",""13"",10.9,39.7,""99.817409223"",""94.10753236"",28.7,47.3"
"""Olivares, Edward"",658668,2023,385,16.6,5.7,"".263"","".452"","".317"",""36"",""47"","".329"","".338"",""87.3"",""12.2"",7.9,37.7,""99.121503973"",""93.605326233"",22.9,50.7"
"""Doyle, Brenton"",686668,2023,431,35,5.1,"".203"","".343"","".250"",""48"",""48"","".257"","".258"",""88.3"",""11.7"",8.7,35,""99.107707983"",""93.693021345"",35.8,52.6"
"""Ford, Mike"",645801,2023,251,32.3,9.6,"".228"","".475"","".323"",""34"",""32"","".343"","".314"",""88.8"",""21"",17.3,44.6,""101.141524429"",""94.781977914"",30.4,42.7"
"""Candelario, Jeimer"",600869,2023,576,22,9.2,"".251"","".471"","".336"",""70"",""77"","".346"","".318"",""88.3"",""14.1"",7.9,36.4,""99.185208"",""93.708029184"",24.2,47.4"
"""Julien, Edouard"",666397,2023,408,31.4,15.7,"".263"","".459"","".381"",""37"",""60"","".366"","".345"",""89.5"",""8"",13.1,44.9,""100.916636636"",""94.651510141"",29.1,37.6"
"""Gelof, Zack"",680869,2023,300,27.3,8.7,"".267"","".504"","".337"",""32"",""40"","".357"","".333"",""89.8"",""11.8"",11.1,41.3,""99.898924043"",""94.270075904"",33.7,50.4"
"""Duvall, Adam"",594807,2023,353,31.2,6.2,"".247"","".531"","".303"",""58"",""45"","".347"","".304"",""88.8"",""28.9"",13,39.1,""100.072491121"",""94.161800748"",31,48.3"
"""France, Ty"",664034,2023,665,17.6,6.5,"".250"","".366"","".337"",""58"",""79"","".315"","".342"",""87.5"",""13.7"",6.8,38.6,""99.277871319"",""93.765945224"",21.9,53.2"
"""Rojas, Miguel"",500743,2023,423,11.3,6.1,"".236"","".322"","".290"",""31"",""49"","".271"","".284"",""87.3"",""11"",2.9,32,""97.505333176"",""92.848794735"",16.5,49.6"
"""Reynolds, Bryan"",668804,2023,640,21.6,8.3,"".263"","".460"","".330"",""84"",""85"","".338"","".360"",""90.9"",""10.9"",11.1,47.3,""101.022834344"",""94.957065034"",28.2,47.4"
"""Gomes, Yan"",543228,2023,419,19.3,5,"".267"","".408"","".315"",""63"",""44"","".312"","".321"",""87.4"",""15.1"",7.8,36.4,""98.498293636"",""93.349708864"",24.2,52.5"
"""Nootbaar, Lars"",663457,2023,503,19.7,14.3,"".261"","".418"","".367"",""46"",""74"","".344"","".356"",""89.1"",""7.2"",8.8,37.8,""100.334219085"",""94.369985457"",18.5,35.5"
"""Colás, Oscar"",693049,2023,263,27,4.6,"".216"","".314"","".257"",""19"",""32"","".249"","".264"",""88.9"",""7.1"",7.9,40.4,""101.394884419"",""94.790742442"",31.8,53.9"
"""De La Cruz, Elly"",682829,2023,427,33.7,8.2,"".235"","".410"","".300"",""44"",""67"","".305"","".303"",""91.2"",""3.6"",8.5,45.9,""102.817937107"",""95.774707273"",29.7,45.5"
"""Benson, Will"",666181,2023,329,31.3,12.2,"".275"","".498"","".365"",""31"",""51"","".369"","".321"",""90.2"",""14.6"",10.3,42.2,""100.059735699"",""94.448386703"",31.5,42.8"
"""Straw, Myles"",664702,2023,518,18.7,8.1,"".238"","".297"","".301"",""29"",""52"","".268"","".272"",""86.3"",""9.4"",0.5,23.3,""95.141368287"",""91.593212265"",14.1,44"
"""Smith, Josh"",669701,2023,232,23.7,10.8,"".185"","".328"","".304"",""15"",""29"","".287"","".321"",""88.5"",""12.5"",10.5,36.4,""99.426100571"",""93.805422714"",21.3,42.3"
"""Peguero, Liover"",678894,2023,213,31.5,5.2,"".237"","".374"","".280"",""26"",""21"","".284"","".270"",""89.3"",""4.1"",5.2,39.6,""100.157487846"",""94.198605039"",29.4,51.7"
"""Tatis Jr., Fernando"",665487,2023,635,22.2,8.3,"".257"","".449"","".322"",""78"",""91"","".332"","".364"",""91.9"",""11"",11,49.3,""102.94128633"",""96.024566651"",30.5,54.1"
"""Caballero, José"",676609,2023,280,23.6,10,"".221"","".320"","".343"",""26"",""37"","".305"","".299"",""83.3"",""21.5"",3.6,23.7,""94.973345476"",""91.572536826"",23.2,43.2"
"""Grisham, Trent"",663757,2023,555,27.7,13.5,"".198"","".352"","".315"",""50"",""67"","".299"","".322"",""90.3"",""18.3"",11.9,40,""100.701927386"",""94.880503967"",28.3,41.6"
"""Taveras, Leody"",665750,2023,554,21.1,6.3,"".266"","".421"","".312"",""67"",""67"","".316"","".319"",""90.1"",""10.2"",7.2,43.1,""100.592817638"",""94.514120854"",24.2,49.4"
"""Perez, Salvador"",521692,2023,580,23.3,3.3,"".255"","".422"","".292"",""80"",""59"","".302"","".325"",""90.1"",""15.6"",8.8,44,""101.357412537"",""94.955683293"",30.2,60.2"
"""Kiner-Falefa, Isiah"",643396,2023,361,19.4,7.8,"".242"","".340"","".306"",""37"",""39"","".286"","".295"",""88.8"",""7.2"",3.1,39.2,""99.088839688"",""93.71146918"",19.6,44.9"
"""Crawford, Brandon"",543063,2023,320,25.3,8.8,"".194"","".314"","".273"",""38"",""31"","".260"","".294"",""89.8"",""14"",10.1,43,""99.565776078"",""94.12075299"",29.6,52.2"
"""Devers, Rafael"",646240,2023,656,19.2,9.5,"".271"","".500"","".351"",""100"",""90"","".359"","".380"",""93.1"",""12.4"",12.7,55.1,""104.483705833"",""97.182864659"",26.1,52.6"
"""Wisdom, Patrick"",621550,2023,302,36.8,9.9,"".205"","".500"","".289"",""46"",""43"","".333"","".339"",""92.7"",""21.7"",20.1,54.7,""103.448312785"",""96.664593567"",33.8,46.7"
"""Vaughn, Andrew"",683734,2023,615,21,5.9,"".258"","".429"","".314"",""80"",""67"","".321"","".319"",""90.6"",""11.2"",8.4,46.5,""101.661403"",""95.348849294"",24.1,47.5"
"""Moncada, Yoán"",660162,2023,357,30,5.6,"".260"","".425"","".305"",""40"",""39"","".315"","".314"",""89.4"",""12.3"",10.1,39,""99.983863509"",""94.177039383"",30.7,46.8"
"""Hicks, Aaron"",543305,2023,312,22.1,13.5,"".253"","".383"","".353"",""36"",""44"","".326"","".282"",""85.3"",""12.6"",4,29.4,""96.660790808"",""92.357553401"",25.6,40.3"
"""Slater, Austin"",596103,2023,207,28,9.7,"".270"","".400"","".348"",""20"",""24"","".330"","".338"",""91.1"",""7.5"",11.8,46.5,""101.910679365"",""95.591557937"",29.8,42.3"
"""Bae, Ji Hwan"",678225,2023,371,24.8,8.1,"".231"","".311"","".296"",""32"",""54"","".272"","".264"",""88.1"",""1.1"",2,36.8,""98.940343707"",""93.542422069"",25.4,47.6"
"""O'Neill, Tyler"",641933,2023,266,25.2,10.5,"".231"","".403"","".312"",""21"",""27"","".313"","".334"",""89.2"",""15"",12.3,43.3,""101.468190235"",""94.898490824"",27.8,44.9"
"""Farmer, Kyle"",571657,2023,369,23.3,6.2,"".256"","".408"","".317"",""46"",""49"","".316"","".313"",""86.4"",""13.2"",6.7,32.9,""97.416251746"",""92.785266614"",23.2,47.7"
"""Duran, Jarren"",680776,2023,362,24.9,6.6,"".295"","".482"","".346"",""40"",""46"","".354"","".319"",""89.9"",""10.7"",5.3,46.3,""102.136277603"",""95.439128926"",24.6,51.5"
"""Betts, Mookie"",605141,2023,693,15.4,13.9,"".307"","".579"","".408"",""107"",""126"","".416"","".407"",""92.4"",""20.6"",12.4,48.5,""100.865674689"",""95.28290971"",16.7,38.1"
"""Melendez Jr., MJ"",669004,2023,602,28.2,10.3,"".235"","".398"","".316"",""56"",""65"","".310"","".325"",""93.2"",""16.9"",11.4,49.6,""101.434950217"",""95.609327411"",34.4,47.9"
"""Davis, Henry"",680779,2023,255,27.1,9.8,"".213"","".351"","".302"",""24"",""27"","".287"","".291"",""88.6"",""12.5"",7,41.4,""100.600949494"",""94.584235478"",27,44.5"
"""Alvarez, Francisco"",682626,2023,423,26,8,"".209"","".437"","".284"",""63"",""51"","".310"","".305"",""90.1"",""12.5"",12.8,45.1,""101.730853431"",""95.157784982"",31.8,44.9"
"""Gurriel Jr., Yuli"",493329,2023,329,13.4,7.9,"".245"","".359"","".304"",""27"",""32"","".287"","".273"",""88.6"",""16.5"",1.9,34.9,""97.568536744"",""92.903397315"",16,46.8"
"""Seager, Corey"",608369,2023,536,16.4,9.1,"".327"","".623"","".390"",""96"",""88"","".419"","".412"",""93.3"",""13"",15.2,53.2,""103.543493485"",""96.785948962"",25,55.1"
"""Walls, Taylor"",670764,2023,349,26.4,12.6,"".201"","".333"","".305"",""36"",""50"","".287"","".274"",""86.7"",""19.1"",3.3,28.8,""95.825872762"",""91.918126429"",27.2,43"
"""Massey, Michael"",686681,2023,461,21.5,5.2,"".229"","".381"","".274"",""55"",""42"","".283"","".319"",""88.6"",""19.7"",7.8,39.5,""99.467958364"",""93.868433587"",22.4,52.1"
"""Cooper, Garrett"",643265,2023,457,28.9,6.8,"".251"","".419"","".304"",""61"",""42"","".313"","".318"",""89"",""13.3"",10.3,41.1,""100.493592808"",""94.333162534"",30.7,52.4"
"""Kirk, Alejandro"",672386,2023,422,10.7,10,"".250"","".358"","".334"",""43"",""34"","".308"","".320"",""87.6"",""6.3"",5.2,38.3,""98.523712317"",""93.313905535"",12.8,41.6"
"""Bell, Josh"",605137,2023,617,21.7,10.2,"".247"","".419"","".325"",""74"",""52"","".323"","".345"",""90.1"",""9.3"",10.1,43,""101.611186796"",""94.955559951"",25.8,47.7"
"""Jones, Nolan"",666134,2023,424,29.7,12.5,"".297"","".542"","".389"",""62"",""60"","".395"","".362"",""90.1"",""9.8"",15.7,41.3,""102.433112521"",""95.472742017"",31.9,41.6"
"""Trejo, Alan"",676701,2023,227,22.5,7,"".232"","".343"","".288"",""26"",""24"","".277"","".276"",""85.5"",""14.6"",4.4,22.6,""94.830734557"",""91.440444522"",21.9,50.6"
"""Robert Jr., Luis"",673357,2023,595,28.9,5,"".264"","".542"","".315"",""80"",""90"","".358"","".350"",""89.1"",""16.1"",15.4,42.3,""101.844478191"",""95.05043424"",33.5,58.3"
"""Senzel, Nick"",669222,2023,330,22.4,7.9,"".236"","".399"","".297"",""42"",""49"","".302"","".296"",""87.4"",""15.2"",4.8,34.1,""98.198786726"",""93.126818628"",21.6,49.4"
"""Meyers, Jake"",676694,2023,341,25.8,7.6,"".227"","".382"","".296"",""33"",""42"","".297"","".283"",""86"",""13.9"",6.3,27.9,""96.65184"",""92.333391091"",27,48.3"
"""Carpenter, Matt"",572761,2023,237,28.3,17.3,"".176"","".319"","".322"",""31"",""18"","".293"","".309"",""87"",""24.4"",11.1,31,""97.461539355"",""92.730769677"",28.3,40.4"
"""Marcano, Tucupita"",672779,2023,220,15.9,4.5,"".233"","".356"","".276"",""18"",""16"","".275"","".292"",""88.3"",""14.4"",5.2,34.9,""97.898414815"",""93.051435926"",15.6,51.8"
"""Schmitt, Casey"",669477,2023,277,23.5,4.7,"".206"","".324"","".255"",""30"",""28"","".254"","".282"",""88.1"",""15.1"",6.7,34,""99.016028632"",""93.561277316"",27.1,55"
"""Wendle, Joey"",621563,2023,318,21.1,4.1,"".212"","".306"","".248"",""20"",""33"","".242"","".263"",""89.2"",""3.8"",3.4,39.4,""97.966208793"",""93.354777576"",25,47.7"
"""Casas, Triston"",671213,2023,502,25.1,13.9,"".263"","".490"","".367"",""65"",""66"","".367"","".370"",""91.1"",""15.7"",13.1,46.6,""102.616692288"",""95.686960262"",28.1,43.6"
"""Altuve, Jose"",514888,2023,410,17.3,10.7,"".311"","".522"","".393"",""51"",""76"","".393"","".331"",""86"",""11.4"",8.3,31.4,""97.888341268"",""92.956086549"",18.7,45.1"
"""Bauers, Jake"",641343,2023,272,34.9,9.9,"".202"","".413"","".279"",""30"",""28"","".297"","".336"",""89.1"",""13.8"",18.7,48.7,""102.0116428"",""95.506092133"",33.3,45.8"
"""Ahmed, Nick"",605113,2023,210,24.8,5.7,"".212"","".303"","".257"",""17"",""14"","".247"","".263"",""85.2"",""12.8"",2.7,31.5,""97.507589437"",""92.754850282"",26.9,50.4"
"""Siri, Jose"",642350,2023,364,35.7,5.5,"".222"","".494"","".267"",""56"",""58"","".319"","".298"",""88.4"",""14.4"",13.2,37.7,""100.583268942"",""94.368878077"",40.3,53"
"""Adames, Willy"",642715,2023,638,25.9,11.1,"".217"","".407"","".310"",""80"",""73"","".311"","".335"",""87.4"",""18.2"",12.4,36.5,""99.086365635"",""93.664258959"",31,50"
"""Castellanos, Nick"",592206,2023,671,27.6,5.4,"".272"","".476"","".311"",""106"",""79"","".335"","".320"",""88.9"",""14.4"",10.3,43.2,""100.3894813"",""94.419143027"",35.4,56.2"
"""Barnes, Austin"",605131,2023,200,21.5,8.5,"".180"","".242"","".256"",""11"",""15"","".229"","".273"",""84.8"",""6.1"",2.9,25.4,""96.019005147"",""92.044198148"",22.2,44"
"""Smith, Pavin"",656976,2023,228,19.7,15.4,"".188"","".325"","".317"",""30"",""26"","".293"","".330"",""89.9"",""13.8"",7.5,41.8,""99.896326164"",""94.182208207"",20.1,40.4"
"""Thomas, Alek"",677950,2023,402,21.4,4.7,"".230"","".374"","".273"",""39"",""51"","".278"","".291"",""88.9"",""2.2"",5.1,41.6,""99.767087793"",""94.064693103"",25.2,49.1"
"""Blackmon, Charlie"",453568,2023,413,13.3,9.4,"".279"","".440"","".363"",""40"",""57"","".350"","".339"",""86.4"",""18.1"",4.9,31.5,""97.605451688"",""92.81067263"",19.6,47.3"
"""Albies, Ozzie"",645277,2023,660,16.2,7,"".280"","".513"","".336"",""109"",""96"","".358"","".340"",""88.7"",""16.6"",8.2,39,""98.667615565"",""93.481568303"",20.6,54.6"
"""Profar, Jurickson"",595777,2023,521,17.3,9.6,"".242"","".368"","".321"",""46"",""55"","".304"","".306"",""86.5"",""14.8"",4,31.8,""97.18982877"",""92.606877674"",20,47.2"
"""Harper, Bryce"",547180,2023,546,21.8,14.7,"".293"","".499"","".401"",""72"",""84"","".384"","".399"",""91.8"",""9.1"",15.2,46.8,""103.839812899"",""96.235486154"",33.5,51.4"
"""Tovar, Ezequiel"",678662,2023,615,27,4.1,"".253"","".408"","".287"",""73"",""79"","".298"","".291"",""88"",""12.6"",8.1,36.2,""99.019446394"",""93.628807036"",31.3,59.7"
"""Lopez, Nicky"",670032,2023,262,15.3,9.9,"".231"","".307"","".326"",""25"",""32"","".288"","".292"",""86.7"",""0.5"",1.1,23.7,""95.31187172"",""91.719033135"",22,47.9"
"""Santana, Carlos"",467793,2023,619,16.8,10.5,"".240"","".429"","".318"",""86"",""78"","".323"","".308"",""88.8"",""12.8"",6.7,36.4,""99.367236"",""93.791213073"",22.1,45.3"
"""Caratini, Victor"",605170,2023,226,19.9,8.4,"".259"","".383"","".327"",""25"",""23"","".312"","".310"",""91.3"",""10.8"",5,44.7,""101.5286345"",""95.04057195"",21.1,45.3"
"""McLain, Matt"",680574,2023,403,28.5,7.7,"".290"","".507"","".357"",""50"",""65"","".370"","".332"",""89.3"",""13.8"",10.8,42.4,""100.203855242"",""94.354982348"",28,41.9"
"""Peralta, David"",444482,2023,422,17.1,4.7,"".259"","".381"","".294"",""55"",""47"","".290"","".309"",""89.3"",""8.2"",4.9,44.2,""100.838135399"",""94.678134417"",22.5,54.5"
"""Smith, Dominic"",642086,2023,586,15.5,8,"".254"","".366"","".326"",""46"",""57"","".306"","".320"",""86.3"",""12.8"",6.6,30.8,""97.225088721"",""92.631850959"",19.9,49"
"""Paredes, Isaac"",670623,2023,571,18.2,10.2,"".250"","".488"","".352"",""98"",""71"","".362"","".315"",""86.9"",""22.2"",5.9,28.5,""96.372683866"",""92.205361059"",18.2,45.6"
"""Belt, Brandon"",474832,2023,404,34.9,15.1,"".254"","".490"","".369"",""43"",""53"","".369"","".336"",""88.7"",""19.8"",15,40,""100.691962551"",""94.453475333"",32.5,41"
"""Jeffers, Ryan"",680777,2023,335,27.8,9.9,"".276"","".490"","".369"",""43"",""46"","".369"","".333"",""90.5"",""17.2"",11.6,42.7,""101.812058454"",""95.327122694"",29.2,45.4"
"""Suárez, Eugenio"",553993,2023,694,30.8,10.1,"".232"","".391"","".323"",""96"",""68"","".313"","".324"",""90.3"",""18.9"",13.2,43,""100.661115455"",""94.726665316"",32.8,44.5"
"""Acuña Jr., Ronald"",660670,2023,735,11.4,10.9,"".337"","".596"","".416"",""106"",""149"","".428"","".460"",""94.7"",""7.4"",15.3,55.2,""106.368689571"",""98.157029125"",18.7,46.2"
"""Turner, Justin"",457759,2023,626,17.6,8.1,"".276"","".455"","".345"",""96"",""86"","".346"","".336"",""89.5"",""16.5"",5.7,39,""98.567368238"",""93.587032225"",17.5,45"
"""Semien, Marcus"",543760,2023,753,14.6,9.6,"".276"","".478"","".348"",""100"",""122"","".354"","".333"",""88.4"",""19.1"",6.5,37,""98.08417844"",""93.189258191"",18,47.1"
"""Torres, Gleyber"",650402,2023,672,14.6,10,"".273"","".453"","".347"",""68"",""90"","".346"","".362"",""89.7"",""15.1"",7.9,40.3,""99.649800996"",""94.055057585"",21.8,46.8"
"""Burger, Jake"",669394,2023,540,27.6,5.9,"".250"","".518"","".309"",""80"",""71"","".349"","".359"",""91.9"",""12.3"",16.7,49.6,""105.009725862"",""96.989580029"",34.1,54"
"""Sabol, Blake"",666165,2023,344,34,7,"".235"","".394"","".301"",""44"",""36"","".303"","".280"",""89.1"",""16.1"",11.2,38.6,""100.063637128"",""94.216608032"",35.6,52.3"
"""Newman, Kevin"",621028,2023,253,13.4,6.7,"".253"","".364"","".311"",""28"",""28"","".296"","".311"",""86.5"",""12"",2.5,29.3,""96.650571327"",""92.359183077"",14.8,46.6"
"""Arenado, Nolan"",571448,2023,612,16.5,6.7,"".266"","".459"","".315"",""93"",""71"","".327"","".320"",""88.8"",""16.9"",7.3,38.1,""99.311427863"",""93.760489679"",20.2,48.5"
"""Realmuto, J.T."",592663,2023,540,25.6,6.5,"".252"","".452"","".310"",""63"",""70"","".324"","".334"",""89.8"",""16.7"",11.2,43.3,""101.30139764"",""94.961935393"",26.2,50.5"
"""Mountcastle, Ryan"",663624,2023,470,22.8,7.9,"".270"","".452"","".328"",""68"",""64"","".333"","".356"",""91.4"",""12"",12.1,44.9,""102.167820745"",""95.45427677"",28.3,54.7"
"""Hampson, Garrett"",641658,2023,252,26.6,9.1,"".276"","".380"","".349"",""23"",""30"","".323"","".291"",""86.6"",""11.8"",3.1,28.3,""96.842874595"",""92.486054257"",26.3,43.3"
"""Fairchild, Stuart"",656413,2023,255,27.1,9.8,"".228"","".388"","".321"",""28"",""34"","".312"","".314"",""85.9"",""14.3"",7.7,29.7,""97.468722267"",""92.766466376"",33.9,51.1"
"""García, Adolis"",666969,2023,632,27.7,10.3,"".245"","".508"","".328"",""107"",""108"","".354"","".366"",""92.1"",""15.7"",16.1,49.7,""102.949539534"",""96.163808523"",31.6,48.6"
"""Rojas, Josh"",668942,2023,350,23.1,7.7,"".245"","".338"","".303"",""40"",""47"","".284"","".278"",""87.1"",""13"",3.8,28.9,""96.683976983"",""92.417791379"",24.2,44.3"
"""Yoshida, Masataka"",807799,2023,580,14,5.9,"".289"","".445"","".338"",""72"",""71"","".339"","".325"",""89"",""3.9"",6.6,40.6,""100.123813246"",""94.28056556"",18.3,43.3"
"""Smith, Will"",669257,2023,554,16.1,11.4,"".261"","".438"","".359"",""76"",""80"","".345"","".350"",""89.3"",""15.6"",6.7,41.6,""99.645654456"",""94.001340492"",19.5,45.7"
"""Santander, Anthony"",623993,2023,656,23.2,8.4,"".257"","".472"","".325"",""95"",""81"","".340"","".319"",""90.6"",""20.2"",10.2,46,""101.732013378"",""95.319994041"",23.5,49"
"""Moniak, Mickey"",666160,2023,323,35,2.8,"".280"","".495"","".307"",""45"",""35"","".339"","".308"",""89"",""19.7"",12.6,39.2,""100.288235"",""94.38207288"",38.8,61.7"
"""Henderson, Gunnar"",683002,2023,622,25.6,9,"".255"","".489"","".325"",""82"",""100"","".346"","".346"",""92"",""11.4"",11.4,52,""102.730226238"",""96.062562903"",26.4,46.8"
"""Haniger, Mitch"",571745,2023,229,28.4,6.6,"".209"","".365"","".266"",""28"",""27"","".274"","".313"",""91"",""15.9"",10.9,46.9,""100.797604054"",""94.934929728"",27.8,45.8"
"""Franco, Wander"",677551,2023,491,14.1,8.6,"".281"","".475"","".344"",""58"",""65"","".349"","".364"",""89.4"",""8.9"",7.7,43,""99.940366243"",""94.232389735"",14.8,45.2"
"""Maldonado, Martín"",455117,2023,407,34.2,7.4,"".191"","".348"","".258"",""36"",""33"","".266"","".267"",""88.4"",""18.1"",8.5,40,""99.511383636"",""93.988423653"",34.3,49.6"
"""Kemp, Tony"",643393,2023,419,9.5,10.5,"".209"","".304"","".303"",""27"",""42"","".276"","".297"",""86.7"",""10"",1.2,20.4,""94.699737436"",""91.482675737"",14.5,46"
"""Springer III, George"",543807,2023,683,18.3,8.8,"".258"","".405"","".327"",""72"",""87"","".320"","".332"",""88.3"",""12"",7.7,39.9,""100.34851102"",""94.297792755"",22.3,49.3"
"""Bohm, Alec"",664761,2023,611,15.4,6.9,"".274"","".437"","".327"",""97"",""74"","".329"","".343"",""89.4"",""11.1"",5.7,41.7,""100.435445021"",""94.400147213"",18.1,49.8"
"""Alonso, Pete"",624413,2023,658,22.9,9.9,"".217"","".504"","".318"",""118"",""92"","".346"","".368"",""89.5"",""18.2"",14.7,40.1,""102.342134502"",""95.253955701"",26.2,43.7"
"""Rogers, Jake"",668670,2023,365,32.3,7.7,"".221"","".444"","".286"",""49"",""47"","".312"","".321"",""90.4"",""14.7"",12,45.6,""100.372054766"",""94.614399346"",31.7,45.8"
"""Tauchman, Mike"",643565,2023,401,21.4,14,"".252"","".377"","".362"",""48"",""64"","".330"","".345"",""88.4"",""8.1"",5.5,40,""99.326329764"",""93.849149016"",24.5,41.8"
"""Vázquez, Christian"",543877,2023,355,23.1,7,"".223"","".318"","".280"",""32"",""34"","".264"","".265"",""86.7"",""10"",3.2,32.8,""96.86717918"",""92.517706337"",26.2,48.7"
"""Cabrera, Oswaldo"",665828,2023,330,21.8,7.6,"".211"","".299"","".275"",""29"",""35"","".256"","".259"",""87.8"",""13.4"",3.5,32.5,""97.733755636"",""92.964070727"",23.5,50.5"
"""Guerrero Jr., Vladimir"",665489,2023,682,14.7,9.8,"".264"","".444"","".345"",""94"",""78"","".340"","".378"",""92.1"",""10.5"",11.1,49.2,""104.050992964"",""96.528144743"",23,50.6"
"""Greene, Riley"",682985,2023,416,27.4,8.4,"".288"","".447"","".349"",""37"",""51"","".344"","".365"",""91.6"",""6.6"",11.3,47.3,""103.007318636"",""95.926317652"",28.2,46.8"
"""Machado, Manny"",592518,2023,601,18.1,8.3,"".258"","".462"","".319"",""91"",""75"","".334"","".332"",""91"",""15"",10.5,45.9,""102.375377"",""95.525381708"",23.9,49.3"
"""Lowe, Brandon"",664040,2023,436,27.3,11.5,"".231"","".443"","".328"",""68"",""58"","".334"","".338"",""91.4"",""16"",10.7,47.5,""101.419435954"",""95.219077088"",32,51.6"
"""McCormick, Chas"",676801,2023,457,25.6,8.8,"".273"","".489"","".353"",""70"",""59"","".362"","".341"",""88"",""14.6"",11.1,38.8,""98.933604225"",""93.594692676"",29.4,49.2"
"""Solano, Donovan"",456781,2023,450,22.2,8.9,"".282"","".391"","".369"",""38"",""43"","".338"","".351"",""90.2"",""13.1"",6.1,43.7,""100.102935676"",""94.475306983"",25.4,47.4"
"""Pillar, Kevin"",607680,2023,206,24.3,2.9,"".228"","".416"","".248"",""32"",""29"","".280"","".295"",""87.9"",""17.8"",8,38.7,""98.402506267"",""93.29131396"",26.5,56.3"
"""DeJong, Paul"",657557,2023,400,30.3,5.3,"".207"","".355"","".258"",""38"",""41"","".266"","".278"",""85.5"",""16.8"",6.7,33.2,""97.657692047"",""92.870460632"",35.4,53.2"
"""Moreno, Gabriel"",672515,2023,380,19.7,7.6,"".284"","".408"","".339"",""50"",""33"","".325"","".314"",""89.8"",""4.2"",4.8,41.8,""99.719820735"",""94.156039559"",19.7,42.4"
"""Gorman, Nolan"",669357,2023,464,31.9,11.4,"".236"","".478"","".328"",""76"",""59"","".345"","".354"",""91"",""22.2"",16.5,48.5,""102.010586077"",""95.537335212"",35.6,49"
"""Rooker Jr., Brent"",667670,2023,526,32.7,9.3,"".246"","".488"","".329"",""69"",""61"","".348"","".343"",""91.6"",""17.6"",15.6,49.5,""102.653891351"",""95.962225864"",38.2,46.1"
"""Davis, J.D."",605204,2023,546,27.8,9.5,"".248"","".412"","".325"",""69"",""61"","".321"","".323"",""91.1"",""7.8"",9.6,45.2,""101.437064311"",""95.258851108"",34,53.1"
"""Jansen, Danny"",643376,2023,301,20.6,7.6,"".228"","".474"","".312"",""53"",""38"","".336"","".316"",""88.3"",""19.7"",10.7,37.4,""98.938626373"",""93.548218775"",22.9,46.8"
"""Andrus, Elvis"",462101,2023,406,17.5,6.2,"".251"","".358"","".304"",""44"",""39"","".290"","".267"",""87.5"",""5.5"",2.6,31,""97.859729735"",""92.978938439"",20.1,45"
"""Renfroe, Hunter"",592669,2023,548,22.8,8,"".233"","".416"","".297"",""60"",""60"","".308"","".289"",""88.3"",""15"",6.1,39.1,""100.508778984"",""94.37524563"",26.4,50.8"
"""Noda, Ryan"",676116,2023,495,34.3,15.6,"".229"","".406"","".364"",""54"",""63"","".342"","".334"",""91.2"",""16"",13,45,""102.125166441"",""95.450814851"",36.9,42.9"
"""Alvarez, Yordan"",670541,2023,496,18.5,13.9,"".293"","".583"","".407"",""97"",""77"","".415"","".435"",""93.3"",""17.1"",18,52.2,""104.629318875"",""96.977658344"",22.4,43.7"
"""Frelick, Sal"",686217,2023,223,16.6,12.6,"".246"","".351"","".341"",""24"",""29"","".309"","".296"",""83.3"",""8.1"",2.5,23.6,""94.342516154"",""91.339554231"",14.6,43.1"
"""Palacios, Joshua"",641943,2023,264,21.2,4.5,"".239"","".413"","".279"",""40"",""26"","".297"","".318"",""91.3"",""7.7"",9.8,45.4,""101.193022979"",""95.127376383"",26.7,52"
"""Giménez, Andrés"",665926,2023,616,18.2,5.2,"".251"","".399"","".314"",""62"",""76"","".309"","".297"",""84.8"",""13.1"",5.5,27,""96.663934128"",""92.344201908"",25.4,54.6"
"""Drury, Brandon"",592273,2023,523,26,4.8,"".262"","".497"","".306"",""83"",""61"","".339"","".318"",""89.9"",""11.8"",11,46.3,""101.80875267"",""95.132794574"",30.2,51.6"
"""Cabrera, Miguel"",408234,2023,370,20,8.4,"".257"","".353"","".322"",""34"",""21"","".299"","".301"",""89.1"",""7.4"",4.2,37.6,""98.972070682"",""93.630273802"",25.6,48.3"
"""Bregman, Alex"",608324,2023,724,12,12.7,"".262"","".441"","".363"",""98"",""103"","".351"","".351"",""88.6"",""17.6"",5.4,38.2,""98.071537732"",""93.248960689"",14.1,38.7"
"""Castro, Rodolfo"",666801,2023,256,28.9,9,"".211"","".322"","".297"",""24"",""21"","".277"","".268"",""87.2"",""7.6"",7.8,35.1,""99.104106883"",""93.615443987"",32.9,47.6"
"""Cron, C.J."",543068,2023,278,23.4,6.1,"".248"","".434"","".295"",""37"",""38"","".312"","".332"",""87.7"",""12.8"",13.8,40,""101.506528673"",""94.849164308"",28.3,47.6"
"""Tucker, Kyle"",663656,2023,674,13.6,11.9,"".284"","".517"","".369"",""112"",""97"","".372"","".386"",""90.2"",""14.8"",10.6,45.9,""100.798373008"",""94.831132546"",18.5,47"
"""Maton, Nick"",665155,2023,293,24.9,13,"".173"","".305"","".288"",""32"",""29"","".268"","".285"",""86.1"",""18.2"",8.4,31.5,""97.063386705"",""92.575397771"",31.2,45.1"
"""Steer, Spencer"",668715,2023,665,20.9,10.2,"".271"","".464"","".356"",""86"",""74"","".355"","".333"",""88.7"",""15.3"",6.7,37.1,""99.167567432"",""93.741896795"",24.1,43.8"
"""Refsnyder, Rob"",608701,2023,243,19.3,13.6,"".248"","".317"","".365"",""28"",""31"","".314"","".342"",""87.7"",""11.9"",3.8,34.4,""98.411482208"",""93.313190455"",23.1,40.1"
"""Berti, Jon"",542932,2023,424,18.2,6.8,"".294"","".405"","".344"",""33"",""53"","".325"","".324"",""85.4"",""2.4"",4.7,31.3,""97.776931847"",""92.905131597"",19.9,45.5"
"""Heim, Jonah"",641680,2023,501,19.2,8,"".258"","".438"","".317"",""95"",""61"","".324"","".324"",""89.2"",""17.3"",8,38.5,""99.154937912"",""93.809775675"",22.5,52"
"""Garver, Mitch"",641598,2023,344,23.8,12.8,"".270"","".500"","".370"",""50"",""45"","".374"","".365"",""90"",""20.5"",12.6,42.1,""100.978311963"",""94.653887243"",23.7,39.6"
"""Triolo, Jared"",669707,2023,209,30.1,11.5,"".298"","".398"","".388"",""21"",""30"","".350"","".324"",""86.6"",""10.6"",5.9,33.6,""98.027101167"",""93.167449076"",32.4,43.7"
"""Westburg, Jordan"",676059,2023,228,24.6,7,"".260"","".404"","".311"",""23"",""26"","".309"","".315"",""90.2"",""13.4"",6.5,44.5,""100.977982987"",""94.800749545"",26,48.7"
"""Marsh, Brandon"",669016,2023,472,30.5,12.5,"".277"","".458"","".372"",""60"",""58"","".358"","".322"",""91.3"",""12.4"",9.1,48.7,""100.732382538"",""94.960692423"",27.4,42.4"
"""Carpenter, Kerry"",681481,2023,459,25.1,7,"".278"","".471"","".340"",""64"",""57"","".347"","".336"",""90.1"",""13.1"",10.2,44,""99.813840795"",""94.326096744"",27,52.4"
"""Vogelbach, Daniel"",596129,2023,319,25.4,13.2,"".233"","".404"","".339"",""48"",""33"","".327"","".324"",""91.7"",""14.5"",9.3,50,""101.166799794"",""95.217899227"",21.6,36"
"""Jung, Josh"",673962,2023,515,29.3,5.8,"".266"","".467"","".315"",""70"",""75"","".334"","".337"",""91.8"",""15"",11.9,47.4,""101.620526098"",""95.373200793"",29.7,51.8"
"""Taylor, Michael A."",572191,2023,388,33.5,6.7,"".220"","".442"","".278"",""51"",""48"","".308"","".306"",""88.1"",""13.4"",13.5,38,""101.375261009"",""94.840009083"",34.1,49"
"""Anderson, Brian"",605119,2023,361,29.9,10,"".226"","".368"","".310"",""40"",""38"","".299"","".316"",""87.6"",""9.9"",10.3,37.1,""99.655808491"",""93.945080472"",33.3,48.9"
"""Witt Jr., Bobby"",677951,2023,694,17.4,5.8,"".276"","".495"","".319"",""96"",""97"","".343"","".369"",""90.7"",""15.7"",11.5,45.6,""102.080606768"",""95.411820457"",22.8,50.5"
"""Trout, Mike"",545361,2023,362,28.7,12.4,"".263"","".490"","".367"",""44"",""54"","".368"","".389"",""91.9"",""19.3"",16,51.9,""104.231780971"",""96.666975874"",29.3,44.4"
"""Fraley, Jake"",641584,2023,380,18.7,9.7,"".256"","".443"","".339"",""65"",""41"","".338"","".328"",""84.6"",""16.5"",6.4,30.8,""97.120245263"",""92.614906038"",24.1,52"
"""Lewis, Royce"",668904,2023,239,23,8.4,"".309"","".548"","".372"",""52"",""36"","".393"","".351"",""90.2"",""16.2"",11.7,42,""101.84701358"",""95.239275185"",27.3,47.4"
"""Muncy, Max"",571970,2023,579,26.4,14.7,"".212"","".475"","".333"",""105"",""95"","".344"","".364"",""91.2"",""21.7"",14.6,46.6,""101.315308623"",""95.11269018"",29.6,39.3"
"""Larnach, Trevor"",663616,2023,212,34,12.7,"".213"","".415"","".311"",""40"",""26"","".313"","".323"",""90.1"",""17.5"",13.3,49.6,""101.88501386"",""95.488486549"",36.5,41"
"""Pasquantino, Vinnie"",686469,2023,260,11.9,9.6,"".247"","".437"","".324"",""26"",""24"","".327"","".350"",""89.3"",""17.4"",7.5,40.3,""99.9938884"",""94.167852814"",17.4,46.5"
"""Walker, Christian"",572233,2023,661,19.2,9.4,"".258"","".497"","".333"",""103"",""86"","".351"","".339"",""88"",""15.8"",11.4,40.4,""100.601281422"",""94.397470475"",26.4,48.6"
"""Goldschmidt, Paul"",502671,2023,687,23.4,12.7,"".268"","".447"","".363"",""80"",""89"","".350"","".367"",""91.3"",""12.8"",12,50.8,""102.40959555"",""95.767792759"",27.5,44"
"""Rutschman, Adley"",668939,2023,687,14.7,13.4,"".277"","".435"","".374"",""80"",""84"","".352"","".373"",""88.4"",""12.6"",7.5,38.6,""99.614450772"",""93.937278476"",15.6,41"
"""Call, Alex"",669743,2023,439,17.8,12.1,"".200"","".307"","".307"",""38"",""43"","".280"","".296"",""86.8"",""17"",5.3,30.1,""97.369230205"",""92.725954777"",18.6,40.3"
"""Yelich, Christian"",592885,2023,632,22.2,12.3,"".278"","".447"","".370"",""76"",""106"","".353"","".362"",""91.7"",""3.5"",9.2,50.1,""103.18368722"",""96.096251589"",26.8,45"
"""Friedl Jr., TJ"",670770,2023,556,16.2,8.5,"".279"","".467"","".352"",""66"",""73"","".353"","".289"",""86.7"",""16.1"",3.2,27.6,""96.368739947"",""92.196228515"",18.4,42.2"
"""Pederson, Joc"",592626,2023,425,20.9,13.4,"".235"","".416"","".348"",""51"",""59"","".331"","".366"",""92.1"",""15.2"",12.1,52.2,""103.009948074"",""96.305444852"",24.6,45.2"
"""Peterson, Jace"",607054,2023,430,23.5,10.9,"".211"","".307"","".304"",""37"",""35"","".275"","".287"",""85.7"",""14.4"",4.7,28.1,""96.5144975"",""92.272958155"",25,42.2"
"""Díaz, Elias"",553869,2023,526,22.4,6.5,"".267"","".409"","".316"",""72"",""48"","".314"","".296"",""88.1"",""12.7"",6.2,38.4,""100.035107459"",""94.071648482"",28.4,54.8"
"""Verdugo, Alex"",657077,2023,602,15.4,7.5,"".264"","".421"","".324"",""54"",""81"","".322"","".331"",""89.2"",""8.8"",5,37.6,""99.116993728"",""93.701176864"",15.6,40.9"
"""Moustakas, Mike"",519058,2023,386,24.6,6,"".247"","".392"","".293"",""48"",""43"","".294"","".270"",""89"",""18"",5.7,37.9,""99.28083626"",""93.790160498"",27.3,53.2"
"""Ruiz, Keibert"",660688,2023,562,10.3,5.5,"".260"","".409"","".308"",""67"",""55"","".310"","".322"",""87.4"",""15.3"",5.8,31.9,""97.263733176"",""92.681495075"",14.3,51.1"
"""Mancini III, Trey"",641820,2023,263,29.7,8,"".234"","".336"","".299"",""28"",""31"","".280"","".272"",""88.9"",""12.3"",3.8,40.6,""99.887541875"",""94.139181069"",32.7,49.5"
"""Urías, Ramón"",602104,2023,396,25.5,6.8,"".264"","".375"","".328"",""42"",""45"","".310"","".281"",""89.2"",""7.9"",6.9,38.1,""99.139793769"",""93.685443346"",28.7,49.1"
"""Kepler, Max"",596146,2023,491,21.6,9.2,"".260"","".484"","".332"",""66"",""72"","".348"","".362"",""91.9"",""14.7"",12.2,47.9,""102.056672262"",""95.65094244"",19.8,47.5"
"""Donovan, Brendan"",680977,2023,371,14.3,8.9,"".284"","".422"","".365"",""34"",""48"","".345"","".354"",""89.3"",""10.6"",5.8,40.6,""99.360461838"",""93.987172915"",14.8,42.8"
"""Baty, Brett"",683146,2023,389,28,7.5,"".212"","".323"","".275"",""34"",""41"","".266"","".300"",""89.5"",""6.6"",7.7,44.3,""101.615153008"",""95.076203184"",31.6,46.1"
"""Arroyo, Christian"",624414,2023,206,21.8,3.4,"".241"","".369"","".268"",""24"",""23"","".274"","".273"",""86.3"",""11.1"",4.6,32.7,""97.619093067"",""92.82512"",25.3,59.7"
"""Carlson, Dylan"",666185,2023,255,19.2,10.2,"".219"","".333"","".318"",""27"",""27"","".293"","".318"",""89.3"",""15"",5.8,37.6,""98.393567326"",""93.357659942"",22.6,46"
"""McGuire, Reese"",624512,2023,206,25.7,5.3,"".267"","".358"","".310"",""16"",""15"","".293"","".242"",""84"",""2.8"",2.9,27,""95.837614394"",""91.965886641"",23.1,53.2"
"""Peña, Jeremy"",665161,2023,634,20.3,6.8,"".263"","".381"","".324"",""52"",""81"","".310"","".310"",""88"",""5.5"",4,35.8,""99.143524796"",""93.690137489"",28.4,53.2"
"""Bryant, Kris"",592178,2023,335,20.3,8.7,"".233"","".367"","".313"",""31"",""36"","".302"","".323"",""85.7"",""14.4"",6,31.5,""97.280290431"",""92.645822586"",25,45.9"
"""Taylor, Tyrone"",621438,2023,243,22.6,3.3,"".234"","".446"","".267"",""35"",""36"","".302"","".304"",""87.7"",""18.2"",6.8,39.5,""99.373020909"",""93.756534489"",24.9,51.9"
"""Anderson, Tim"",641313,2023,524,23.3,5,"".245"","".296"","".286"",""25"",""52"","".260"","".279"",""87.8"",""2"",2.9,39.4,""99.22965129"",""93.713640376"",25.3,53.5"
"""Vierling, Matt"",663837,2023,530,21.1,8.3,"".261"","".388"","".329"",""44"",""63"","".315"","".322"",""89.1"",""9.1"",4.6,42.8,""100.577331105"",""94.490701519"",19.4,44.3"
"""Sheets, Gavin"",657757,2023,344,19.2,8.1,"".203"","".331"","".267"",""43"",""24"","".261"","".267"",""88.1"",""16.9"",5.2,32.5,""98.4138068"",""93.281118675"",21.7,47.4"
"""Conforto, Michael"",624424,2023,470,22.6,11.3,"".239"","".384"","".334"",""58"",""58"","".315"","".330"",""88.9"",""11.9"",7.9,39.8,""100.09818404"",""94.217973543"",24.9,45.3"
"""Suwinski, Jack"",669261,2023,534,32.2,14,"".224"","".454"","".339"",""74"",""63"","".341"","".346"",""90.5"",""22.4"",15.7,43.4,""102.173377122"",""95.316292734"",30.1,39"
"""Arcia, Orlando"",606115,2023,533,19.1,7.3,"".264"","".420"","".321"",""65"",""66"","".321"","".307"",""88.2"",""5.4"",6.9,41.1,""99.189217927"",""93.735384508"",24.3,46.2"
"""Wong, Connor"",657136,2023,403,33.3,5.5,"".235"","".385"","".287"",""36"",""55"","".292"","".274"",""89.1"",""15.5"",9.1,37.8,""100.083071271"",""94.144066723"",32.3,52.8"
"""Allen, Nick"",669397,2023,329,15.8,5.2,"".221"","".287"","".263"",""20"",""29"","".245"","".250"",""84.8"",""6.8"",1.2,26.6,""95.649982295"",""91.839086803"",19.1,49.2"
"""Rengifo, Luis"",650859,2023,445,18.4,9.2,"".264"","".444"","".339"",""51"",""55"","".339"","".323"",""89.1"",""11"",7.6,36.9,""98.941377179"",""93.617089135"",24.5,50.1"
"""Waters, Drew"",671221,2023,337,31.8,8,"".228"","".377"","".300"",""32"",""40"","".296"","".313"",""87.4"",""17.2"",10.1,35.9,""98.74293303"",""93.391262626"",32.5,51.3"
"""Cronenworth, Jake"",630105,2023,522,18.6,8.8,"".229"","".378"","".312"",""48"",""54"","".301"","".305"",""87.4"",""15.2"",4.4,33.2,""97.73147257"",""92.917093417"",16,47.6"
"""Outman, James"",681546,2023,567,31.9,12,"".248"","".437"","".353"",""70"",""86"","".344"","".325"",""87.9"",""15.7"",11.1,39.9,""99.962159145"",""94.027798454"",36.6,46"
"""Heyward, Jason"",518792,2023,377,17,9,"".269"","".473"","".340"",""40"",""56"","".348"","".319"",""87.7"",""15.4"",8.1,37.4,""99.253685693"",""93.70715033"",20.7,47"
"""d'Arnaud, Travis"",518595,2023,292,22.9,7.2,"".225"","".397"","".288"",""39"",""31"","".297"","".326"",""90.7"",""10.3"",9,42.8,""101.038586"",""94.8353646"",28.6,52"
"""Raleigh, Cal"",663728,2023,569,27.8,9.5,"".232"","".456"","".306"",""75"",""78"","".326"","".330"",""89.5"",""20.3"",12.6,41,""101.028271404"",""94.749354873"",29.9,49.7"
"""Rivera, Emmanuel"",656896,2023,283,19.8,7.8,"".261"","".358"","".314"",""29"",""32"","".295"","".312"",""90.7"",""11.2"",5.9,46.3,""100.267371553"",""94.647965854"",26.7,46.7"
"""Arias, Gabriel"",672356,2023,345,32.8,8.1,"".210"","".352"","".275"",""26"",""36"","".276"","".304"",""91.1"",""3.7"",9.9,46.3,""101.9318672"",""95.322139548"",37.7,55.5"
"""Flores, Wilmer"",527038,2023,454,13.9,9,"".284"","".509"","".355"",""60"",""51"","".368"","".333"",""86.4"",""22"",7.8,32.5,""97.399441744"",""92.72835564"",15.8,44.9"
"""Nimmo, Brandon"",607043,2023,682,21.4,10.9,"".274"","".466"","".363"",""68"",""89"","".359"","".352"",""91.8"",""12.2"",9.5,47.9,""101.50757"",""95.462726837"",22,42.4"
"""Ramírez, Harold"",623912,2023,434,18.2,5.1,"".313"","".460"","".353"",""68"",""58"","".349"","".319"",""89.1"",""6.1"",4.6,40.7,""100.416096914"",""94.469777121"",28.1,56.5"
"""Garcia, Maikel"",672580,2023,515,22.3,7.4,"".272"","".358"","".323"",""50"",""59"","".299"","".319"",""91.8"",""6.1"",3.9,50.6,""101.538604663"",""95.500565408"",19.5,43.1"
"""Ward, Taylor"",621493,2023,409,19.6,9.5,"".253"","".421"","".335"",""47"",""60"","".329"","".338"",""90.7"",""14.3"",8.2,43.9,""100.268469209"",""94.588852374"",21.1,44.3"
"""Julks, Corey"",667452,2023,323,23.2,6.8,"".245"","".352"","".297"",""33"",""35"","".286"","".295"",""87.9"",""17"",4.9,36,""98.704102411"",""93.406924598"",25.4,45.8"
"""Volpe, Anthony"",683011,2023,601,27.8,8.7,"".209"","".383"","".283"",""60"",""62"","".290"","".308"",""88.7"",""14.2"",9,43,""99.54617672"",""93.954577957"",28.2,47.9"
"""Rosario, Amed"",642708,2023,545,18.2,5.3,"".263"","".378"","".305"",""58"",""70"","".297"","".305"",""88.3"",""7.6"",3.4,39.4,""99.501582705"",""93.941784576"",23.1,53.4"
"""Naylor, Josh"",647304,2023,495,13.7,6.7,"".308"","".489"","".354"",""97"",""52"","".354"","".346"",""89.1"",""12.3"",8.2,41.2,""100.627346359"",""94.477601234"",19.8,56.5"
"""Fermin, Freddy"",666023,2023,235,21.3,5.5,"".281"","".461"","".321"",""32"",""26"","".333"","".333"",""89.9"",""11.7"",9.9,42.7,""99.612583571"",""94.265238631"",24.3,54.6"
"""Wiemer Jr., Joey"",686894,2023,410,28.3,8.8,"".204"","".362"","".283"",""42"",""48"","".284"","".289"",""89.3"",""10.5"",9.1,39.1,""99.675385433"",""94.031570395"",33.6,47.1"
"""Thomas, Lane"",657041,2023,682,25.8,5.3,"".268"","".468"","".315"",""86"",""101"","".334"","".319"",""88.5"",""10.8"",9.6,40.7,""100.191573957"",""94.319062004"",23,43.6"
"""Lindor, Francisco"",596019,2023,687,19.9,9.6,"".254"","".470"","".336"",""98"",""108"","".346"","".346"",""91.2"",""19.2"",10.4,43.9,""100.821281314"",""94.916417775"",22.8,48"
"""Bailey, Patrick"",672275,2023,353,28.3,5.9,"".233"","".359"","".285"",""48"",""29"","".282"","".313"",""88.7"",""10.2"",10,38.4,""99.385269825"",""93.890632907"",26.2,46.5"
"""Hernández, Teoscar"",606192,2023,678,31.1,5.6,"".258"","".435"","".305"",""93"",""70"","".317"","".336"",""91.3"",""12.3"",13.8,49.4,""103.014681476"",""96.109592578"",35.8,53.6"
"""Marte, Starling"",516782,2023,341,20.2,4.7,"".248"","".324"","".301"",""28"",""38"","".278"","".312"",""88.2"",""6.3"",5.6,39.5,""100.135976281"",""94.129016405"",27.8,53.8"
"""Thaiss, Matt"",642136,2023,307,27,11.7,"".214"","".340"","".319"",""31"",""32"","".295"","".331"",""88.5"",""9.2"",10.4,40.7,""100.494365275"",""94.474114254"",34.2,46"
"""Walker, Jordan"",691023,2023,465,22.4,8,"".276"","".445"","".342"",""51"",""51"","".341"","".328"",""89.4"",""10.2"",7.5,42.5,""101.884002327"",""95.105508896"",30,51.6"
"""Garrett, Stone"",656448,2023,271,30.3,9.6,"".269"","".457"","".343"",""40"",""40"","".344"","".345"",""91.1"",""17.3"",9.6,48.4,""102.21494641"",""95.483708974"",32.6,52.8"
"""Grichuk, Randal"",545341,2023,471,20.4,6.2,"".267"","".459"","".321"",""44"",""65"","".333"","".323"",""89.6"",""14"",7.1,45.3,""101.490095235"",""95.074647765"",26.7,50.1"
"""Crawford, J.P."",641487,2023,638,19.6,14.7,"".266"","".438"","".380"",""65"",""94"","".359"","".340"",""88.3"",""15.1"",4.8,36.2,""99.143101569"",""93.649442623"",18.6,38.6"
"""Marte, Ketel"",606466,2023,650,16.8,10.9,"".276"","".485"","".358"",""82"",""94"","".361"","".342"",""91.1"",""10.7"",8,42.8,""101.585403319"",""95.10445528"",20.5,45.5"
"""Montero, Elehuris"",660707,2023,307,36.2,4.9,"".243"","".426"","".290"",""39"",""40"","".306"","".254"",""88.3"",""9.9"",6.8,44.3,""101.047431818"",""94.674275852"",39.3,53"
"""Mateo, Jorge"",622761,2023,350,23.4,6.3,"".217"","".340"","".267"",""34"",""58"","".265"","".289"",""88.4"",""10.4"",5.3,38.5,""100.431419748"",""94.295455274"",28.1,50.3"
"""Harris II, Michael"",671739,2023,539,18.7,4.6,"".293"","".477"","".331"",""57"",""76"","".345"","".357"",""90.9"",""7.6"",10,48.5,""103.586789505"",""96.131496609"",24.4,52.9"
"""Frazier, Adam"",624428,2023,455,14.9,7,"".240"","".396"","".300"",""60"",""59"","".302"","".301"",""85.7"",""15.2"",3.1,23.4,""95.278497399"",""91.650357101"",19.2,48.3"
"""Ohtani, Shohei"",660271,2023,599,23.9,15.2,"".304"","".654"","".412"",""95"",""102"","".433"","".427"",""94.4"",""13.2"",19.6,54.2,""105.748559101"",""97.769057809"",32.3,48.2"
"""Jankowski, Travis"",608671,2023,287,14.6,12.2,"".263"","".332"","".357"",""30"",""34"","".312"","".302"",""85.4"",""8.1"",0,25.5,""95.420288039"",""91.716382549"",14.8,38.2"
"""Laureano, Ramón"",657656,2023,404,28.2,8.2,"".224"","".371"","".304"",""35"",""46"","".298"","".307"",""88.2"",""12.9"",9.7,35.9,""98.923313496"",""93.530379634"",29,46.8"
"""Wallner, Matt"",670242,2023,254,31.5,11,"".249"","".507"","".370"",""41"",""42"","".377"","".374"",""91.9"",""21"",18.8,48.1,""104.489305224"",""96.79268782"",36.3,47.1"
"""Taylor, Chris"",621035,2023,384,32.6,10.7,"".237"","".420"","".326"",""56"",""51"","".323"","".312"",""86.2"",""21.5"",9.8,37.4,""98.961485421"",""93.52875061"",35.8,47.6"
"""Díaz, Yandy"",650490,2023,600,15.7,10.8,"".330"","".522"","".410"",""78"",""95"","".402"","".383"",""93.4"",""5.7"",9.5,54,""104.285177685"",""97.074568747"",18.4,42.6"
"""Soler, Jorge"",624585,2023,580,24.3,11.4,"".250"","".512"","".341"",""75"",""77"","".361"","".374"",""91.3"",""17.8"",15,48,""103.053956467"",""95.950783079"",27.6,44.1"
"""McCutchen, Andrew"",457705,2023,473,21.1,15.9,"".256"","".397"","".378"",""43"",""55"","".345"","".353"",""89.6"",""12.3"",6.8,44.6,""100.329192449"",""94.60717314"",27.4,41.6"
"""Buxton, Byron"",621439,2023,347,31.4,10.1,"".207"","".438"","".294"",""42"",""49"","".311"","".316"",""91.5"",""20.1"",14.6,45.7,""102.5176971"",""95.782166382"",30.6,50"
"""Yastrzemski, Mike"",573262,2023,381,26,11.8,"".233"","".445"","".330"",""43"",""54"","".333"","".325"",""90"",""19.6"",9.8,44,""100.690515526"",""94.656883114"",23.6,41.2"
"""Arraez, Luis"",650333,2023,617,5.5,5.7,"".354"","".469"","".393"",""69"",""71"","".369"","".354"",""88.3"",""11.5"",3.5,25.7,""95.658900664"",""92.009454214"",7.9,51"
"""Soto, Juan"",665742,2023,708,18.2,18.6,"".275"","".519"","".410"",""109"",""97"","".395"","".408"",""93.2"",""6.7"",13,55.3,""104.484350409"",""97.215905977"",20.5,35.8"
"""Ozuna, Marcell"",542303,2023,592,22.6,9.6,"".274"","".558"","".346"",""100"",""84"","".381"","".393"",""91.8"",""15.6"",16.6,49,""103.257673232"",""96.232240934"",26.7,48.4"
"""Longoria, Evan"",446334,2023,237,30.8,9.7,"".223"","".422"","".295"",""28"",""25"","".308"","".324"",""92.2"",""15.6"",10.6,51.8,""102.131802113"",""95.858329716"",29,42.8"
"""De La Cruz, Bryan"",650559,2023,626,22.7,6.4,"".257"","".411"","".304"",""78"",""60"","".309"","".331"",""89.9"",""11.8"",8.8,42.5,""100.272527091"",""94.400399818"",28.7,50.1"
"""Sosa, Edmundo"",624641,2023,300,24.7,2.7,"".251"","".427"","".293"",""30"",""34"","".309"","".292"",""86.8"",""13.8"",6.7,32.2,""98.656224369"",""93.335070971"",28.7,59.5"
"""Mullins II, Cedric"",656775,2023,455,22.2,9.5,"".233"","".416"","".305"",""74"",""51"","".311"","".291"",""88.9"",""21.6"",6.5,37.1,""98.843959934"",""93.556146126"",24.9,49.6"
"""McMahon, Ryan"",641857,2023,627,31.6,10.8,"".240"","".431"","".322"",""70"",""80"","".325"","".335"",""90.8"",""9.7"",11.4,44.2,""102.017798324"",""95.343043101"",32.3,47.4"
"""Riley, Austin"",663586,2023,715,24.1,8.3,"".281"","".516"","".345"",""97"",""117"","".363"","".365"",""92.3"",""13.5"",13.9,49.2,""103.384251814"",""96.274145591"",27.8,48.2"
"""Benintendi, Andrew"",643217,2023,621,14.3,8.4,"".262"","".356"","".326"",""45"",""72"","".299"","".310"",""86.6"",""14.5"",2.9,27,""95.498075212"",""91.757391695"",19.3,49"
"""Neto, Zach"",687263,2023,329,23.4,6.1,"".225"","".377"","".308"",""34"",""38"","".302"","".312"",""89.1"",""14.5"",8.8,40.3,""99.587439533"",""93.888217243"",28.7,47.9"
"""Torkelson, Spencer"",679529,2023,684,25,9.8,"".233"","".446"","".313"",""94"",""88"","".326"","".349"",""91.8"",""17.1"",14.1,50.9,""102.691928356"",""96.002045502"",24.7,46.2"
"""Kiermaier, Kevin"",595281,2023,408,21.1,7.1,"".265"","".419"","".322"",""36"",""58"","".320"","".300"",""86.7"",""5.6"",3.5,33.2,""97.999902837"",""93.084577651"",30.6,49.6"
"""Raley, Luke"",670042,2023,406,31.5,6.9,"".249"","".490"","".333"",""49"",""56"","".353"","".327"",""91.1"",""17.3"",12.9,45.7,""102.675194071"",""95.677039912"",38.9,51.8"
"""Madrigal, Nick"",663611,2023,294,8.2,3.4,"".263"","".352"","".311"",""28"",""34"","".294"","".294"",""86.2"",""3.7"",0.8,27.5,""95.88199459"",""91.943884016"",9.4,45"
"""Hayes, Ke'Bryan"",663647,2023,525,19.8,5.3,"".271"","".453"","".309"",""61"",""65"","".324"","".321"",""92.2"",""13.2"",7.4,48.3,""101.67326359"",""95.450846324"",21.2,45.6"
"""Carroll, Corbin"",682998,2023,645,19.4,8.8,"".285"","".506"","".362"",""76"",""116"","".370"","".344"",""90"",""11"",7.6,40.9,""100.972563211"",""94.780604736"",21.6,45.8"
"""Pham, Tommy"",502054,2023,481,22,9.8,"".256"","".446"","".328"",""68"",""55"","".332"","".361"",""92.3"",""5.7"",10.7,49.1,""103.076305767"",""96.158685951"",23.6,40.5"
"""Abreu, José"",547989,2023,594,21.9,7.1,"".237"","".383"","".296"",""90"",""62"","".295"","".314"",""89"",""10.8"",8.7,41.6,""100.821833606"",""94.59770588"",26.4,50.1"
"""Brennan, Will"",686823,2023,455,12.5,3.5,"".266"","".356"","".299"",""41"",""41"","".285"","".305"",""85.7"",""9.4"",2.4,29.2,""96.456825397"",""92.245172918"",18.2,56.6"
"""Schwarber, Kyle"",656941,2023,720,29.9,17.5,"".197"","".474"","".343"",""104"",""108"","".350"","".364"",""92.4"",""19"",16.4,48.8,""103.398490108"",""96.18179379"",31.5,37.7"
"""Edman, Tommy"",669242,2023,528,15.9,6.6,"".248"","".399"","".307"",""47"",""69"","".306"","".312"",""89.1"",""7.5"",5,38.8,""99.456717727"",""93.865892803"",16.1,45.7"
"""Perdomo, Geraldo"",672695,2023,495,17.4,12.9,"".246"","".359"","".353"",""47"",""71"","".319"","".275"",""85.7"",""16.4"",0.9,19.5,""94.552794268"",""91.28665535"",15.1,39.1"
"""Monasterio, Andruw"",655316,2023,315,21,8.9,"".259"","".348"","".330"",""27"",""38"","".302"","".308"",""88.8"",""17.7"",5.5,33.5,""97.113217523"",""92.687779124"",21.7,42.1"
"""Vargas, Miguel"",678246,2023,304,20.1,12.5,"".195"","".367"","".305"",""32"",""36"","".295"","".304"",""86.8"",""16.6"",6,31.5,""97.543796"",""92.819102111"",22.3,44.4"
"""Hedges, Austin"",595978,2023,212,22.2,5.2,"".184"","".227"","".234"",""16"",""14"","".209"","".253"",""87.2"",""15.4"",0.7,31.1,""97.087257286"",""92.598786763"",28,52.1"
"""Contreras, Willson"",575929,2023,495,22.4,10.3,"".264"","".467"","".358"",""67"",""55"","".358"","".373"",""91.3"",""10.1"",12.2,46.9,""103.922488176"",""96.441608585"",29,48.5"
"""Jiménez, Eloy"",650391,2023,489,19,6.1,"".272"","".441"","".317"",""64"",""50"","".325"","".314"",""90.9"",""5.7"",9.3,46.8,""103.173051209"",""95.996060413"",29.7,52"
"""Castro, Harold"",605612,2023,270,24.4,3.3,"".252"","".314"","".275"",""31"",""24"","".258"","".263"",""86.2"",""10"",3.1,28.7,""96.109616082"",""92.139749948"",28.6,56.3"
"""Canha, Mark"",592192,2023,507,15.6,9.7,"".262"","".400"","".355"",""62"",""51"","".333"","".323"",""87.9"",""13.1"",4.7,36.7,""98.959607624"",""93.632062936"",18.3,41.6"
"""Dubón, Mauricio"",643289,2023,492,14.2,3.9,"".278"","".411"","".309"",""46"",""76"","".311"","".303"",""87"",""9.5"",4.5,29.5,""96.983512626"",""92.50482157"",17.7,58.6"
"""Short, Zack"",670097,2023,253,26.1,11.1,"".204"","".339"","".292"",""33"",""17"","".281"","".297"",""87.6"",""21.2"",8.8,33.5,""98.045696579"",""93.141459737"",24.9,41.9"